<?xml version="1.0" encoding="UTF-8" standalone="yes"?>
<addon id="plugin.rickandmorty.amir" name="Rick And Morty" version="0.0.0" provider-name="Amir">
<!-- note the id has -master in it because then the github repo download is then an installable zip -->
    <requires>
        <import addon="xbmc.python" version="2.1.0"/>
    </requires>
    <extension point="xbmc.python.pluginsource" library="addon.py">
        <provides>video</provides> <!-- remember to also change this accordingly you your plugin! -->
    </extension>
    <extension point="xbmc.addon.metadata">
        <platform>all</platform>
        <summary lang="en">Watch Rick and Morty from watchcartoononline.io</summary>
        <description lang="en">Watch Rick and Morty from watchcartoononline.io</description>
        <license>Unlicence</license>
        <email>kekzdee@mail.com</email>
    </extension>
</addon>
